<?xml version="1.0" encoding="utf-8" ?>
<!-- SQL XML created by WWW SQL Designer, http://code.google.com/p/wwwsqldesigner/ -->
<!-- Active URL: http://sqldesigner.jaacloud.com/ -->
<sql>
<datatypes db="sqlite">
	<group label="Affinity">
		<type label="Text" default="" length="1" sql="TEXT" quote="'" color="rgb(255,200,200)"/>
		<type label="Numeric" default="0" length="0" sql="NUMERIC" quote="" color="rgb(238,238,170)"/>
		<type label="Integer" default="0" length="0" sql="INTEGER" quote="" color="rgb(238,238,170)"/>
		<type label="Real" default="0" length="0" sql="REAL" quote="" color="rgb(238,238,170)"/>
		<type label="None" default="" length="0" sql="NONE" quote="" color="rgb(200,255,200)"/>
	</group>
</datatypes><table x="35" y="13" name="personas">
<row name="codigo" null="0" autoincrement="0">
<datatype>INTEGER</datatype>
<default>NULL</default></row>
<row name="nombre" null="0" autoincrement="0">
<datatype>TEXT(35)</datatype>
<default>'NULL'</default></row>
<row name="apellido" null="0" autoincrement="0">
<datatype>TEXT(35)</datatype>
<default>'NULL'</default></row>
<row name="fechanac" null="0" autoincrement="0">
<datatype>TEXT(10)</datatype>
<default>'NULL'</default></row>
<row name="cedulanum" null="0" autoincrement="0">
<datatype>INTEGER</datatype>
<default>NULL</default></row>
<row name="domicilio" null="1" autoincrement="0">
<datatype>TEXT(65)</datatype>
<default>NULL</default></row>
<row name="telefono" null="1" autoincrement="0">
<datatype>TEXT(15)</datatype>
<default>NULL</default></row>
<row name="codbarrio" null="0" autoincrement="0">
<datatype>INTEGER</datatype>
<default>NULL</default><relation table="barrios" row="codigo" />
</row>
<key type="PRIMARY" name="">
<part>codigo</part>
</key>
</table>
<table x="294" y="301" name="ciudades">
<row name="codigo" null="0" autoincrement="0">
<datatype>INTEGER</datatype>
<default>NULL</default></row>
<row name="nombre" null="0" autoincrement="0">
<datatype>TEXT(65)</datatype>
<default>'NULL'</default></row>
<key type="PRIMARY" name="">
<part>codigo</part>
</key>
</table>
<table x="384" y="76" name="barrios">
<row name="codigo" null="0" autoincrement="0">
<datatype>INTEGER</datatype>
<default>NULL</default></row>
<row name="nombre" null="0" autoincrement="0">
<datatype>TEXT(65)</datatype>
<default>'NULL'</default></row>
<row name="codciudad" null="0" autoincrement="0">
<datatype>INTEGER</datatype>
<default>NULL</default><relation table="ciudades" row="codigo" />
</row>
<key type="PRIMARY" name="">
<part>codigo</part>
</key>
</table>
</sql>
