<?xml version="1.0" encoding="UTF-8"?>
<project-private xmlns="http://www.netbeans.org/ns/project-private/1">
    <editor-bookmarks xmlns="http://www.netbeans.org/ns/editor-bookmarks/2" lastBookmarkId="0"/>
    <open-files xmlns="http://www.netbeans.org/ns/projectui-open-files/2">
        <group>
            <file>file:/C:/Users/hlope/OneDrive/Documentos/NetBeansProjects/Store/src/store/Store.java</file>
            <file>file:/C:/Users/hlope/OneDrive/Documentos/NetBeansProjects/Store/src/store/Menu.java</file>
            <file>file:/C:/Users/hlope/OneDrive/Documentos/NetBeansProjects/Store/src/store/VentanaDescripcion.java</file>
            <file>file:/C:/Users/hlope/OneDrive/Documentos/NetBeansProjects/Store/src/store/Login.java</file>
            <file>file:/C:/Users/hlope/OneDrive/Documentos/NetBeansProjects/Store/src/store/Cambio.java</file>
        </group>
    </open-files>
</project-private>
