<?xml version="1.0" encoding="utf-8" ?>
<!-- SQL XML created by WWW SQL Designer, https://github.com/ondras/wwwsqldesigner/ -->
<!-- Active URL: https://jaahosting.com/sqldesigner/ -->
<sql>
<datatypes db="mysql">
	<group label="Numeric" color="rgb(238,238,170)">
		<type label="Integer" length="0" sql="INTEGER" quote=""/>
	 	<type label="TINYINT" length="0" sql="TINYINT" quote=""/>
	 	<type label="SMALLINT" length="0" sql="SMALLINT" quote=""/>
	 	<type label="MEDIUMINT" length="0" sql="MEDIUMINT" quote=""/>
	 	<type label="INT" length="0" sql="INT" quote=""/>
		<type label="BIGINT" length="0" sql="BIGINT" quote=""/>
		<type label="Decimal" length="1" sql="DECIMAL" re="DEC" quote=""/>
		<type label="Single precision" length="0" sql="FLOAT" quote=""/>
		<type label="Double precision" length="0" sql="DOUBLE" re="DOUBLE" quote=""/>
	</group>

	<group label="Character" color="rgb(255,200,200)">
		<type label="Char" length="1" sql="CHAR" quote="'"/>
		<type label="Varchar" length="1" sql="VARCHAR" quote="'"/>
		<type label="Text" length="0" sql="MEDIUMTEXT" re="TEXT" quote="'"/>
		<type label="Binary" length="1" sql="BINARY" quote="'"/>
		<type label="Varbinary" length="1" sql="VARBINARY" quote="'"/>
		<type label="BLOB" length="0" sql="BLOB" re="BLOB" quote="'"/>
	</group>

	<group label="Date &amp; Time" color="rgb(200,255,200)">
		<type label="Date" length="0" sql="DATE" quote="'"/>
		<type label="Time" length="0" sql="TIME" quote="'"/>
		<type label="Datetime" length="0" sql="DATETIME" quote="'"/>
		<type label="Year" length="0" sql="YEAR" quote=""/>
		<type label="Timestamp" length="0" sql="TIMESTAMP" quote="'"/>
	</group>
	
	<group label="Miscellaneous" color="rgb(200,200,255)">
		<type label="ENUM" length="1" sql="ENUM" quote=""/>
		<type label="SET" length="1" sql="SET" quote=""/>
		<type label="Bit" length="0" sql="bit" quote=""/>
	</group>
</datatypes><table x="79" y="113" name="egresos">
<row name="id" null="0" autoincrement="1">
<datatype>INTEGER</datatype>
</row>
<row name="compras" null="0" autoincrement="0">
<datatype>INTEGER</datatype>
</row>
<row name="id_inventario" null="1" autoincrement="0">
<datatype>INTEGER</datatype>
<default>NULL</default><relation table="inventario" row="id" />
</row>
<key type="PRIMARY" name="">
<part>id</part>
</key>
</table>
<table x="235" y="99" name="ingresos">
<row name="id" null="0" autoincrement="1">
<datatype>INTEGER</datatype>
</row>
<row name="ventas" null="0" autoincrement="0">
<datatype>MEDIUMTEXT</datatype>
</row>
<row name="id_inventario" null="1" autoincrement="0">
<datatype>INTEGER</datatype>
<default>NULL</default><relation table="inventario" row="id" />
</row>
<key type="PRIMARY" name="">
<part>id</part>
</key>
</table>
<table x="166" y="334" name="inventario">
<row name="id" null="1" autoincrement="1">
<datatype>INTEGER</datatype>
<default>NULL</default></row>
<row name="articulos" null="0" autoincrement="0">
<datatype>INTEGER</datatype>
</row>
<row name="id_producto" null="0" autoincrement="0">
<datatype>INTEGER</datatype>
<relation table="producto" row="id" />
</row>
<key type="PRIMARY" name="">
<part>id</part>
</key>
</table>
<table x="479" y="116" name="producto">
<row name="id" null="0" autoincrement="1">
<datatype>INTEGER</datatype>
</row>
<row name="codigo" null="0" autoincrement="0">
<datatype>INTEGER</datatype>
</row>
<row name="imagen" null="0" autoincrement="0">
<datatype>VARCHAR</datatype>
</row>
<row name="nombre" null="0" autoincrement="0">
<datatype>MEDIUMTEXT</datatype>
</row>
<row name="descripcion" null="0" autoincrement="0">
<datatype>MEDIUMTEXT</datatype>
</row>
<row name="precio" null="0" autoincrement="0">
<datatype>INTEGER</datatype>
</row>
<row name="estado" null="0" autoincrement="0">
<datatype>INTEGER</datatype>
</row>
<row name="id_categoria" null="1" autoincrement="0">
<datatype>INTEGER</datatype>
<default>NULL</default><relation table="categoria" row="id" />
</row>
<key type="PRIMARY" name="">
<part>id</part>
</key>
</table>
<table x="754" y="136" name="stock">
<row name="id" null="1" autoincrement="1">
<datatype>INTEGER</datatype>
<default>NULL</default></row>
<row name="disponibilidad" null="0" autoincrement="0">
<datatype>INTEGER</datatype>
</row>
<row name="id_producto" null="0" autoincrement="0">
<datatype>INTEGER</datatype>
<relation table="producto" row="id" />
</row>
<key type="PRIMARY" name="">
<part>id</part>
</key>
</table>
<table x="758" y="297" name="categoria">
<row name="id" null="1" autoincrement="1">
<datatype>INTEGER</datatype>
<default>NULL</default></row>
<row name="alimento" null="0" autoincrement="0">
<datatype>MEDIUMTEXT</datatype>
</row>
<row name="papeleria" null="0" autoincrement="0">
<datatype>MEDIUMTEXT</datatype>
</row>
<row name="deportes" null="0" autoincrement="0">
<datatype>MEDIUMTEXT</datatype>
</row>
<row name="salud" null="0" autoincrement="0">
<datatype>MEDIUMTEXT</datatype>
</row>
<key type="PRIMARY" name="">
<part>id</part>
</key>
</table>
</sql>
